plotID,collectDate,horizonName,biogeoTopDepth,biogeoBottomDepth,biogeoCenterDepth,airDryOvenDryRatio,gypsumConc,caco3Conc,caNh4d,kNh4d,mgNh4d,naNh4d,cecdNh4,alSatCecd33,baseSumCecd10,bsesatCecd10,ececCecd33,alKcl,feKcl,mnKcl,phCacl2,phH2o,ec12pre,bSatx,brSatx,caSatx,clSatx,co3Satx,ecSatp,flSatx,waterSatx,hco3Sx,kSatx,mgSatx,naSatx,no2Satx,no3Satx,pSatx,phSp,resist,so4Satx,carbonTot,nitrogenTot,ctonRatio,estimatedOC,sulfurTot,alOxalate,feOxalate,mnOxalate,pOxalate,siOxalate,optDensityOxalate,alCitDithionate,feCitDithionate,mnCitDithionate,siliconCitrateDithionate,acidity,waterRetention15Bar,MehlichIIITotP,Bray1PExtractable,OlsenPExtractable,coarseFrag2To5,coarseFrag5To20,sandTotal,siltTotal,clayTotal,carbonateClay,clayFineContent,siltFineContent,siltCoarseContent,sandVeryFineContent,sandFineContent,sandMediumContent,sandCoarseContent,bulkDensCenterDepth,bulkDensTopDepth,bulkDensBottomDepth,bulkDensThirdBar,bulkDensOvenDry,bulkDensFieldMoist,waterRetentionThirdBar,fieldWaterContent
MOAB_011,2016-04-16,Bk,35,49,42,1.012,NA,110,52.2,0.1,2,0,5.6,NA,54.3,100,NA,NA,NA,NA,7.8,8.4,0.12,NA,NA,NA,NA,NA,NA,NA,NA,NA,NA,NA,NA,NA,NA,NA,NA,NA,NA,16.1,0.4,6,2,0,0.03,0,74.8,24.3,0.01,0,0,0.3,0,NA,NA,NA,NA,NA,0.9,82.3,76.7,70.9,16.8,12.3,2.9,NA,8,8.8,35.5,29.2,5,0.8,42,35,49,1.68,1.72,NA,12.3,NA
MOAB_011,2016-04-16,BCkk,68,100,84,1.01,NA,580,49.3,0,2.4,0,2.2,NA,51.7,100,NA,NA,NA,NA,7.9,8.6,0.11,NA,NA,NA,NA,NA,NA,NA,NA,NA,NA,NA,NA,NA,NA,NA,NA,NA,NA,71.3,0.5,4,2,0.1,0,0,1,0,0,0.01,0,0.1,0,NA,NA,NA,NA,NA,1.6,40.9,37,58.6,15.9,25.5,22.7,NA,10.2,5.7,17.7,20.5,8.2,7,84,68,100,1.34,1.34,NA,18.5,NA
MOAB_011,2016-04-16,A,0,10,5,1.014,NA,10,15.8,0.4,1.7,0,8.3,NA,17.9,100,NA,NA,NA,NA,7.6,8.2,0.1,NA,NA,NA,NA,NA,NA,NA,NA,NA,NA,NA,NA,NA,NA,NA,NA,NA,NA,4.5,0.3,12,4,0,0.05,0,189.2,57.8,0.02,0.01,0,0.2,0,NA,NA,NA,NA,NA,5.7,9.3,28.1,71.9,17.8,10.3,0,NA,7.1,10.7,37.9,29.1,4.3,0.5,5,0,10,NA,NA,1.63,NA,2.6
MOAB_011,2016-04-16,Bw,10,35,22.5,1.016,NA,40,52.2,0.3,2,0,7.7,NA,54.5,100,NA,NA,NA,NA,7.8,8.3,0.12,NA,NA,NA,NA,NA,NA,NA,NA,NA,NA,NA,NA,NA,NA,NA,NA,NA,NA,8.6,0.4,10,4,0,0.04,0,143.7,30.6,0.01,0.01,0,0.4,0,NA,NA,NA,NA,NA,1,13.9,39.4,69,20,11,0,NA,7.7,12.3,35.9,27.4,5,0.5,22.5,10,35,1.48,1.52,NA,9.2,NA
MOAB_011,2016-04-16,Bkk,49,68,58.5,1.011,NA,480,51.8,0,2,0,3.5,NA,53.8,100,NA,NA,NA,NA,7.8,8.5,0.11,NA,NA,NA,NA,NA,NA,NA,NA,NA,NA,NA,NA,NA,NA,NA,NA,NA,NA,58.8,0.5,3,1,0.2,0.01,0,13,0,0,0.01,0,0.1,0,NA,NA,NA,NA,NA,2.4,90.1,74.2,65.7,15.7,18.6,14.1,NA,8.7,7,24.1,25.1,8.2,5,58.5,49,68,1.64,1.66,NA,12.8,NA
MOAB_006,2016-04-26,Bk,76,96,86,1.006,NA,280,47,0,5.4,0,1.5,NA,52.4,100,NA,NA,NA,NA,8,8.9,0.11,NA,NA,NA,NA,NA,NA,NA,NA,NA,NA,NA,NA,NA,NA,NA,NA,NA,NA,33.8,0.2,2,0,0,0,0,25.8,0,0,0,0,0.2,0,NA,NA,NA,NA,NA,0.3,32.1,82.8,75.8,14.8,9.4,5.9,NA,8.6,6.2,38.9,24.3,7.7,3.2,NA,NA,NA,NA,NA,NA,NA,NA
MOAB_006,2016-04-26,A,0,10,5,1.006,NA,10,9.7,0.2,1.6,0,3.4,NA,11.5,100,NA,NA,NA,NA,7.6,8.2,0.11,NA,NA,NA,NA,NA,NA,NA,NA,NA,NA,NA,NA,NA,NA,NA,NA,NA,NA,3.6,0.4,6,2,0,0.02,0,107.4,44.6,0,0,0,0.2,0,NA,NA,NA,NA,NA,4.3,2.9,6.6,88.8,5.1,6.1,1.2,NA,1.5,3.6,58.4,29.1,1.1,0.1,5,0,10,1.55,1.58,NA,9.1,NA
MOAB_006,2016-04-26,Bt2,59,76,67.5,1.009,NA,350,49.5,0.1,3.2,0,2.6,NA,52.8,100,NA,NA,NA,NA,7.9,8.6,0.13,NA,NA,NA,NA,NA,NA,NA,NA,NA,NA,NA,NA,NA,NA,NA,NA,NA,NA,43.5,0.4,4,2,0.1,0.01,0,30,11,0,0.01,0,0.2,0,NA,NA,NA,NA,NA,0.7,49.8,142.4,67.7,16.1,16.2,11.5,NA,9.5,6.6,30.7,22.7,6.1,3.7,67.5,59,76,1.67,1.69,NA,10.8,NA
MOAB_015,2016-04-26,A,0,5,2.5,1.011,NA,0,7.7,0.3,2.5,0,6,NA,10.5,100,NA,NA,NA,NA,7.4,7.9,0.16,NA,NA,NA,NA,NA,NA,NA,NA,NA,NA,NA,NA,NA,NA,NA,NA,NA,NA,3.5,0.4,7,3,0,0.04,0,229.6,71.8,0.01,0.01,0,0.3,0,NA,NA,NA,NA,NA,5,2.1,1,76.4,16.1,7.5,0,NA,6.3,9.8,52.9,21.4,1.8,0.2,2.5,0,5,NA,NA,1.51,NA,1.8
MOAB_015,2016-04-26,Bt1,5,32,18.5,1.016,NA,20,41.7,0.3,3.4,0,7.3,NA,45.4,100,NA,NA,NA,NA,7.8,8.4,0.12,NA,NA,NA,NA,NA,NA,NA,NA,NA,NA,NA,NA,NA,NA,NA,NA,NA,NA,4.5,0.3,7,2,0,0.05,0,312.2,37.9,0.02,0,0,0.4,0,NA,NA,NA,NA,NA,0.6,0,2,67.7,18.4,13.9,0,NA,8,10.4,47,19.3,1.3,0.1,18.5,5,32,1.54,1.58,NA,13.5,NA
MOAB_006,2016-04-26,Bt1,38,59,48.5,1.011,NA,140,51.7,0.4,2.9,0,4.5,NA,55,100,NA,NA,NA,NA,7.9,8.5,0.13,NA,NA,NA,NA,NA,NA,NA,NA,NA,NA,NA,NA,NA,NA,NA,NA,NA,NA,18.6,0.3,7,2,0,0.03,0,88.5,10.1,0.01,0,0,0.3,0,NA,NA,NA,NA,NA,0.5,23.3,91.9,69.8,16.9,13.3,5.4,NA,8,8.9,43.8,20.8,3.5,0.9,48.5,38,59,1.66,1.7,NA,13.5,NA
MOAB_015,2016-04-26,BC,44,61,52.5,1.009,NA,200,51.1,0,6.4,0,2.9,NA,57.5,100,NA,NA,NA,NA,8,8.8,0.12,NA,NA,NA,NA,NA,NA,NA,NA,NA,NA,NA,NA,NA,NA,NA,NA,NA,NA,24.6,0.2,3,1,0,0.02,0.03,99.7,51.8,0,0.01,0,0.2,0,NA,NA,NA,NA,NA,0.3,0,1.3,64.4,20.7,14.9,7.3,NA,11.8,8.9,38.4,21.9,3,0.7,52.5,44,61,NA,NA,1.66,NA,9.4
MOAB_006,2016-04-26,Bw,10,38,24,1.01,NA,20,34.1,0.4,2.5,0,5,NA,37,100,NA,NA,NA,NA,7.8,8.4,0.11,NA,NA,NA,NA,NA,NA,NA,NA,NA,NA,NA,NA,NA,NA,NA,NA,NA,NA,5,0.3,7,2,0.1,0.03,0,162,64.2,0.01,0,0,0.3,0,NA,NA,NA,NA,NA,0.8,6.4,16.2,78.4,12.4,9.2,1.2,NA,3.9,8.5,54.5,21.7,1.6,0.3,24,10,38,1.43,1.46,NA,10.2,NA
MOAB_015,2016-04-26,Bt2,32,44,38,1.012,NA,120,51.7,0.1,4.9,0,4.6,NA,56.7,100,NA,NA,NA,NA,7.9,8.6,0.12,NA,NA,NA,NA,NA,NA,NA,NA,NA,NA,NA,NA,NA,NA,NA,NA,NA,NA,17,0.2,12,2,0,0.04,0,160,21.4,0.01,0,0,0.3,0,NA,NA,NA,NA,NA,0.3,2.1,2.3,64.2,20.1,15.7,5.4,NA,10.5,9.6,43.6,17.9,2.4,0.2,38,32,44,1.69,1.73,NA,11.5,NA
MOAB_028,2016-04-27,A,0,9,4.5,1.027,NA,300,60.9,0.6,2.1,0,14.2,NA,63.6,100,NA,NA,NA,NA,7.7,8.1,0.25,NA,0,5.4,0.2,0,0.62,0,53.5,3,0.1,0.5,0,2,1,0,7.9,NA,0.2,44.1,0.8,10,8,0.1,0.05,0,143.3,243.7,0.02,0.1,0,0.7,0,NA,NA,NA,NA,NA,6.4,23.1,85.5,25.3,37.5,37.2,7.2,NA,31.9,5.6,10,11.6,2.5,0.7,4.5,0,9,1.27,1.4,NA,18.8,NA
MOAB_016,2016-04-27,Bt1,7,22,14.5,1.012,NA,40,46.2,0.4,4.3,0,6.1,NA,50.9,100,NA,NA,NA,NA,7.9,8.5,0.12,NA,NA,NA,NA,NA,NA,NA,NA,NA,NA,NA,NA,NA,NA,NA,NA,NA,NA,7.3,0.3,7,2,0,0.04,0,160.9,65.4,0.01,0,0,0.3,0,NA,NA,NA,NA,NA,1,7.9,2.9,72.9,16.8,10.3,1.8,NA,7.2,9.6,28.8,38.4,5,0.2,14.5,7,22,1.49,1.54,NA,14.1,NA
MOAB_003,2016-04-27,A,0,11,5.5,1.02,NA,230,52.4,0.6,7.3,0,9.4,NA,60.3,100,NA,NA,NA,NA,7.9,8.4,0.17,NA,NA,NA,NA,NA,NA,NA,NA,NA,NA,NA,NA,NA,NA,NA,NA,NA,NA,32.9,0.4,14,6,0.1,0.03,0,38.3,136.5,0.02,0.04,0,0.4,0,NA,NA,NA,NA,NA,5.8,36.3,130.8,52.9,27.9,19.2,4.3,NA,15.1,12.8,21,23.8,4.3,2.3,5.5,0,11,NA,NA,0.92,NA,7.4
MOAB_016,2016-04-27,Bk1,52,73,62.5,1.01,NA,210,50,0.3,9,0,3.8,NA,59.3,100,NA,NA,NA,NA,8.1,8.8,0.14,NA,NA,NA,NA,NA,NA,NA,NA,NA,NA,NA,NA,NA,NA,NA,NA,NA,NA,26.8,0,NA,2,0.1,0.02,0,29.6,27.1,0.01,0.01,0,0.2,0,NA,NA,NA,NA,NA,1.4,62.4,29,70.7,11.9,17.4,9.8,NA,6.3,5.6,23,33.8,7.6,3,62.5,52,73,1.55,1.6,NA,12.7,NA
MOAB_025,2016-04-27,Btk2,48,81,64.5,1.028,NA,240,49.8,0.4,14.5,0.1,12.9,NA,64.8,100,NA,NA,NA,NA,8.2,8.6,0.34,NA,0,2,2.8,0,0.84,0.1,62.7,2,0,3.4,1.5,0,0.1,0,8.5,NA,2.4,30.5,0.2,6,1,0.2,0.03,0,102.8,76.8,0.03,0.01,0,0.3,0,NA,NA,NA,NA,NA,0.4,13.3,9.8,34.1,30.1,35.8,15.9,NA,12.9,17.2,29.3,3.8,0.9,0.1,64.5,48,81,1.62,1.8,NA,17.5,NA
MOAB_025,2016-04-27,A,0,7,3.5,1.018,NA,90,52.3,0.6,3.2,0,10.1,NA,56.1,100,NA,NA,NA,NA,7.7,8.1,0.33,NA,0,10.5,0.3,0,1.25,0,38.1,7.1,0.5,2,0,4.3,0.6,0,7.8,NA,0.4,26,1,15,16,0.2,0.04,0,103.8,28.5,0.01,0.05,0,0.2,0,NA,NA,NA,NA,NA,6.7,34.6,40.3,66.9,19,14.1,3.5,NA,6.9,12.1,3.7,30.2,28.3,3.3,3.5,0,7,1.19,1.26,NA,19.1,NA
MOAB_016,2016-04-27,Bt2,22,52,37,1.012,NA,70,46.9,0.5,5,0,5,NA,52.4,100,NA,NA,NA,NA,8,8.6,0.12,NA,NA,NA,NA,NA,NA,NA,NA,NA,NA,NA,NA,NA,NA,NA,NA,NA,NA,9.3,0,NA,1,0,0.03,0,112.6,31,0.01,0,0,0.3,0,NA,NA,NA,NA,NA,0.6,7.3,2.8,71.1,17.9,11,2.6,NA,7.7,10.2,32.4,32.8,4.3,1,37,22,52,1.48,1.52,NA,12.2,NA
MOAB_025,2016-04-27,Bk,7,24,15.5,1.043,NA,220,63.4,0.5,8,0,21.4,NA,71.9,100,NA,NA,NA,NA,7.8,8.3,0.23,NA,NA,NA,NA,NA,NA,NA,NA,NA,NA,NA,NA,NA,NA,NA,NA,NA,NA,42.8,1.4,12,17,0.2,0.03,0.03,83.7,244,0.03,0.21,0,0.2,0,NA,NA,NA,NA,NA,3.8,39.2,27.2,40.1,26.8,33.1,10.8,NA,13.5,13.3,3.2,21.7,13.9,0.9,15.5,7,24,1.08,1.15,NA,21.3,NA
MOAB_028,2016-04-27,Bk,9,28,18.5,1.026,NA,460,57.9,0.4,2.3,0,13.9,NA,60.6,100,NA,NA,NA,NA,7.8,8.4,0.13,NA,NA,NA,NA,NA,NA,NA,NA,NA,NA,NA,NA,NA,NA,NA,NA,NA,NA,60.5,0.6,9,5,0.1,0.02,0,93.3,168.3,0,0.11,0,0.4,0,NA,NA,NA,NA,NA,1.9,102.7,6.8,5.4,66.1,28.5,3.8,NA,49.2,16.9,4.4,0.7,0.2,0.1,18.5,9,28,1.49,1.66,NA,17.9,NA
MOAB_002,2016-04-27,Bk2,71,100,85.5,1.008,0,160,50.7,0.2,2.7,0,3,NA,53.6,100,NA,NA,NA,NA,7.9,8.2,0.57,NA,0,16.9,0.9,0,2.21,0,32.4,2.5,0.7,8.4,0.5,0,0.1,0,7.8,NA,24.3,21,0.1,12,1,0.1,0.01,0,30.3,41.4,0.01,0,0,0.2,0,NA,NA,NA,NA,NA,1.1,1.5,1.3,74.9,12.4,12.7,5.9,NA,5.8,6.6,27.3,42.1,2.8,2.3,85.5,71,100,1.56,1.6,NA,11.2,NA
MOAB_002,2016-04-27,Bw2,23,52,37.5,1.01,NA,20,NA,NA,NA,NA,NA,NA,NA,NA,NA,NA,NA,NA,8.1,8.6,0.15,NA,NA,NA,NA,NA,NA,NA,NA,NA,NA,NA,NA,NA,NA,NA,NA,NA,NA,4.5,0.3,7,2,0,0.03,0,158.3,56.9,0.01,0.01,0,0.3,0,NA,NA,NA,NA,NA,1.5,3.6,0.4,75.1,14.2,10.7,1.5,NA,4.3,9.9,38.3,32.6,3.7,0.5,37.5,23,52,1.52,1.55,NA,11.3,NA
MOAB_016,2016-04-27,A,0,7,3.5,1.008,NA,20,23.8,0.4,3,0,5.2,NA,27.2,100,NA,NA,NA,NA,7.6,8,0.2,NA,NA,NA,NA,NA,NA,NA,NA,NA,NA,NA,NA,NA,NA,NA,NA,NA,NA,7.1,0.5,9,4,0,0.03,0,136.6,110.1,0.01,0.01,0,0.2,0,NA,NA,NA,NA,NA,7.7,2.9,1.1,79.8,14.1,6.1,0,NA,4.6,9.5,36,38.6,4.3,0.8,3.5,0,7,NA,NA,1.48,NA,4.8
MOAB_002,2016-04-27,A,0,7,3.5,1.008,NA,0,7,0.4,1.4,0,4.8,NA,8.8,100,NA,NA,NA,NA,7.5,7.9,0.18,NA,NA,NA,NA,NA,NA,NA,NA,NA,NA,NA,NA,NA,NA,NA,NA,NA,NA,4.9,0.5,9,4,0.1,0.03,0,129.3,78,0.01,0,0,0.3,0,NA,0.5,NA,NA,NA,11.1,0,0,83.5,8.6,7.9,0,NA,2.2,6.4,33.5,44.5,4.6,0.8,3.5,0,7,NA,NA,1.53,NA,3.7
MOAB_013,2016-04-27,Btk,21,49,35,1.012,NA,40,47.1,0.3,2.1,0,4.8,NA,49.5,100,NA,NA,NA,NA,7.9,8.5,0.13,NA,NA,NA,NA,NA,NA,NA,NA,NA,NA,NA,NA,NA,NA,NA,NA,NA,NA,7.7,0.3,9,3,0,0.03,0,139.7,12.2,0.01,0.01,0,0.3,0,NA,NA,NA,NA,NA,1.1,5.1,4.1,76.5,11.2,12.3,2.3,NA,4.2,7,40.6,32.7,2.7,0.3,35,21,49,1.51,1.55,NA,8.3,NA
MOAB_002,2016-04-27,Bw1,7,23,15,1.011,NA,10,10.2,0.6,2,0,5.5,NA,12.8,100,NA,NA,NA,NA,7.8,8.4,0.11,NA,NA,NA,NA,NA,NA,NA,NA,NA,NA,NA,NA,NA,NA,NA,NA,NA,NA,3.1,0.3,8,2,0,0.03,0,159,54.4,0.01,0,0,0.3,0,NA,NA,NA,NA,NA,5.1,3.4,0,78.8,11.1,10.1,0,NA,3.4,7.7,40,33.9,4.1,0.7,15,7,23,1.64,1.68,NA,11.3,NA
MOAB_002,2016-04-27,Bk1,52,71,61.5,1.009,NA,130,49.1,1.2,2.2,0,3.3,NA,52.5,100,NA,NA,NA,NA,7.9,8.7,0.18,NA,NA,NA,NA,NA,NA,NA,NA,NA,NA,NA,NA,NA,NA,NA,NA,NA,NA,16.1,0.4,2,1,0,0.03,0,72.5,38.7,0,0,0,0.3,0,NA,NA,NA,NA,NA,1.2,94.5,196.8,74.5,10.6,14.9,5.9,NA,5.2,5.4,31.4,35.8,5.5,1.6,61.5,52,71,1.61,1.65,NA,9.9,NA
MOAB_013,2016-04-27,A,0,9,4.5,1.009,NA,0,6.8,0.4,1.3,0,5.2,NA,8.5,100,NA,NA,NA,NA,7.3,7.8,0.2,NA,NA,NA,NA,NA,NA,NA,NA,NA,NA,NA,NA,NA,NA,NA,NA,NA,NA,5.1,0.5,10,5,0.1,0.03,0,138.3,83.2,0.01,0,0,0.2,0,NA,0.3,NA,NA,NA,10.5,0,0,82.2,8.9,8.9,0,NA,2.5,6.4,40.3,38.8,2.5,0.4,4.5,0,9,NA,NA,1.52,NA,4.9
MOAB_025,2016-04-27,Btk1,24,48,36,1.032,NA,270,53.5,0.4,11.5,0,13.5,NA,65.4,100,NA,NA,NA,NA,8,8.6,0.19,NA,NA,NA,NA,NA,NA,NA,NA,NA,NA,NA,NA,NA,NA,NA,NA,NA,NA,35.3,0.4,7,3,0.2,0.03,0,79.1,33.5,0.03,0.03,0,0.2,0,NA,NA,NA,NA,NA,0.4,110.2,38.2,33.3,28.4,38.3,17.1,NA,11.9,16.5,24.7,6,2.3,0.3,36,24,48,1.5,1.66,NA,21,NA
MOAB_016,2016-04-27,Bk2,73,100,86.5,1.011,NA,270,48.4,0.1,12.5,0,2.7,NA,61,100,NA,NA,NA,NA,8.3,9,0.24,NA,NA,NA,NA,NA,NA,NA,NA,NA,NA,NA,NA,NA,NA,NA,NA,NA,NA,34,0.1,11,1,0.1,0.01,0,7.2,0,0.01,0.01,0,0.1,0,NA,NA,NA,NA,NA,1,125.2,91,72,9.6,18.4,12.7,NA,5.6,4,20.2,38.3,7.2,4,86.5,73,100,1.47,1.53,NA,13.4,NA
MOAB_003,2016-04-27,BC,11,31,21,1.024,NA,210,51.4,0.3,12.7,0,10.7,NA,64.4,100,NA,NA,NA,NA,8,8.5,0.18,NA,NA,NA,NA,NA,NA,NA,NA,NA,NA,NA,NA,NA,NA,NA,NA,NA,NA,35.4,0.7,15,11,0,0.01,0,71.4,76.5,0.03,0.11,0,0.5,0,NA,NA,NA,NA,NA,1.8,202.4,203.8,58.1,26.3,15.6,3.2,NA,15.7,10.6,26.1,26.1,4,1.5,21,11,31,NA,NA,1.09,NA,6.3
MOAB_013,2016-04-27,Bt,9,21,15,1.013,NA,10,13.8,0.5,1.7,0,6.5,NA,16,100,NA,NA,NA,NA,7.7,8.3,0.11,NA,NA,NA,NA,NA,NA,NA,NA,NA,NA,NA,NA,NA,NA,NA,NA,NA,NA,3.5,0.3,9,3,0,0.04,0,178.2,52.2,0.01,0.01,0,0.3,0,NA,NA,NA,NA,NA,4.3,1.2,2.1,77.4,10.4,12.2,0,NA,3.6,6.8,40.9,33.7,2.3,0.4,15,9,21,1.6,1.66,NA,8.1,NA
MOAB_010,2016-04-28,Bw1,6,23,14.5,1.012,NA,10,13,0.3,1.3,0,6,NA,14.6,100,NA,NA,NA,NA,7.8,8.4,0.12,NA,NA,NA,NA,NA,NA,NA,NA,NA,NA,NA,NA,NA,NA,NA,NA,NA,NA,3.1,0.6,4,2,0,0.03,0,164.2,18,0.01,0,0,0.3,0,NA,NA,NA,NA,NA,2.6,27.1,67.6,77.2,12.6,10.2,0,NA,3.8,8.8,27.2,45.4,4.3,0.2,14.5,6,23,1.68,1.71,NA,11.1,NA
MOAB_010,2016-04-28,Bw2,23,41,32,1.009,NA,50,47.1,0.1,1.7,0,3.8,NA,48.9,100,NA,NA,NA,NA,8,8.5,0.11,NA,NA,NA,NA,NA,NA,NA,NA,NA,NA,NA,NA,NA,NA,NA,NA,NA,NA,7.7,0.4,5,2,0,0.03,0,91.3,46.2,0.01,0.01,0,0.2,0,NA,NA,NA,NA,NA,1.2,8.8,0,77.5,12.2,10.3,2.9,NA,3.3,8.9,23.6,47.6,5.7,0.5,32,23,41,1.52,1.54,NA,6.2,NA
MOAB_010,2016-04-28,Bk,41,77,59,1.007,NA,60,42.8,0.1,1.5,0,3.1,NA,44.4,100,NA,NA,NA,NA,8,8.6,0.1,NA,NA,NA,NA,NA,NA,NA,NA,NA,NA,NA,NA,NA,NA,NA,NA,NA,NA,8.9,0.3,4,1,0,0.02,0,51,41.8,0,0.01,0,0.2,0,NA,NA,NA,NA,NA,1.2,5.3,1.4,82.3,8.6,9.1,3.1,NA,2.3,6.3,19.7,55.4,5.4,1,59,41,77,NA,NA,1.63,NA,4.1
MOAB_010,2016-04-28,A,0,6,3,1.009,NA,0,5.7,0.3,1.1,0,4.5,NA,7.1,100,NA,NA,NA,NA,7.4,7.9,0.17,NA,NA,NA,NA,NA,NA,NA,NA,NA,NA,NA,NA,NA,NA,NA,NA,NA,NA,3.5,0.6,5,3,0.1,0.02,0,132.3,51.3,0.01,0,0,0.2,0,NA,0,NA,NA,NA,8.4,3.6,2.3,79.5,12.6,7.9,0,NA,4,8.6,30,45,4.3,0.2,3,0,6,NA,NA,1.68,NA,7.9
MOAB_010,2016-04-28,C,77,100,88.5,1.007,NA,40,45,0.2,2.7,0,3.9,NA,47.9,100,NA,NA,NA,NA,8.1,8.7,0.1,NA,NA,NA,NA,NA,NA,NA,NA,NA,NA,NA,NA,NA,NA,NA,NA,NA,NA,5.2,0.4,2,1,0,0.02,0,93.7,0,0,0,0,0.2,0,NA,NA,NA,NA,NA,0.8,35,83.4,82.7,8.4,8.9,2,NA,1.9,6.5,27.8,44.7,9.4,0.5,88.5,77,100,NA,NA,1.71,NA,4.7
MOAB_046,2016-04-28,Bk1,37,68,52.5,1.013,NA,150,53.5,0.3,5.7,0,5.5,NA,59.5,100,NA,NA,NA,NA,8,8.6,0.17,NA,NA,NA,NA,NA,NA,NA,NA,NA,NA,NA,NA,NA,NA,NA,NA,NA,NA,20.2,0.3,7,2,0.1,0.03,0,74.3,83.4,0.01,0.01,0,0.3,0,NA,NA,NA,NA,NA,1.2,88.2,163.7,61.5,19.5,19,9,NA,6.6,12.9,38,19.3,2.6,1.1,NA,NA,NA,NA,NA,NA,NA,NA
MOAB_046,2016-04-28,A,0,8,4,1.012,NA,0,7.2,0.6,2,0,6.9,NA,9.8,100,NA,NA,NA,NA,7.4,7.8,0.2,NA,NA,NA,NA,NA,NA,NA,NA,NA,NA,NA,NA,NA,NA,NA,NA,NA,NA,3.9,0.6,6,4,0,0.04,0,233.7,110.9,0.02,0.02,0,0.4,0,NA,0.6,NA,NA,NA,9.6,0,0,71.6,18.3,10.1,NA,NA,5,13.3,46.8,22.9,1.6,0.3,4,0,8,NA,NA,1.49,NA,6.6
MOAB_046,2016-04-28,Bw,8,37,22.5,1.017,NA,20,43.7,0.6,3.5,0,8.1,NA,47.8,100,NA,NA,NA,NA,7.9,8.4,0.14,NA,NA,NA,NA,NA,NA,NA,NA,NA,NA,NA,NA,NA,NA,NA,NA,NA,NA,5.3,0.5,5,3,0,0.04,0,172.3,77.6,0.02,0.01,0,0.4,0,NA,NA,NA,NA,NA,1.3,48.7,17.6,66.7,18.2,15.1,1.8,NA,5.2,13,40.6,24.4,1.6,0.1,NA,NA,NA,NA,NA,NA,NA,NA
MOAB_046,2016-04-28,Bk2,68,92,80,1.011,0,160,49.8,0.2,12.2,0.2,3.4,NA,62.4,100,NA,NA,NA,NA,8.4,8.7,0.7,NA,0,6.5,7.2,0,2.88,0,31.8,2.1,0.1,17.9,11.8,0,0.1,0,8.5,NA,24.2,20.6,0.5,3,1,0.2,0.01,0,23.9,61.8,0.01,0.01,0,0.1,0,NA,NA,NA,NA,NA,3.1,77.1,118.9,77.4,12.4,10.2,4.3,NA,4.7,7.7,36.3,32.3,4,3.6,NA,NA,NA,NA,NA,NA,NA,NA
SRER_043,2017-11-07,Bk,33,76,54.5,1.011,NA,270,48.7,0.2,1.3,0,6.4,NA,50.2,100,NA,NA,NA,NA,7.8,8.4,0.12,NA,NA,NA,NA,NA,NA,NA,NA,NA,NA,NA,NA,NA,NA,NA,NA,NA,NA,35,0.4,6,3,0.1,0.03,0.01,89.4,137.6,0.01,0.02,0,0.3,0,0,NA,NA,4.9,NA,1.6,14.1,0,67.2,20.5,12.3,3.7,NA,11.3,9.2,10.1,13,11.6,13.5,NA,NA,NA,NA,NA,NA,NA,NA
SRER_043,2017-11-07,2Bk,76,100,88,1.01,NA,260,46,0.2,1.7,0,5.7,NA,47.9,100,NA,NA,NA,NA,7.9,8.4,0.12,NA,NA,NA,NA,NA,NA,NA,NA,NA,NA,NA,NA,NA,NA,NA,NA,NA,NA,34.2,0.5,7,3,0.1,0.02,0.01,93.1,44.1,0.01,0.01,0,0.3,0,0,NA,NA,0.5,NA,3.3,88.1,74.7,66.7,23.8,9.5,2,NA,10.2,13.6,14.4,20.2,11.7,10.4,NA,NA,NA,NA,NA,NA,NA,NA
SRER_043,2017-11-07,Bw,5,33,19,1.011,NA,180,43.7,0.3,0.9,0,6.6,NA,44.9,100,NA,NA,NA,NA,7.8,8.4,0.11,NA,NA,NA,NA,NA,NA,NA,NA,NA,NA,NA,NA,NA,NA,NA,NA,NA,NA,24.6,0.5,5,3,0.1,0.04,0.01,131.2,141.3,0.01,0.02,0,0.3,0,0,NA,NA,4.8,NA,3.3,12.8,0,69.8,20.9,9.3,1.5,NA,10,10.9,17.9,23.1,11.2,11.4,NA,NA,NA,NA,NA,NA,NA,NA
SRER_043,2017-11-07,A,0,5,2.5,1.008,NA,140,40.9,0.3,0.7,0,5,NA,41.9,100,NA,NA,NA,NA,7.8,8.5,0.12,NA,NA,NA,NA,NA,NA,NA,NA,NA,NA,NA,NA,NA,NA,NA,NA,NA,NA,19.9,0.4,7,3,0.1,0.04,0.02,146,192.3,0.01,0.01,0,0.3,0,0,NA,NA,1.5,NA,7.9,2.5,0,74.8,20.3,4.9,0,NA,7.8,12.5,19.7,20.9,18.4,11,NA,NA,NA,NA,NA,NA,NA,NA
SRER_026,2017-11-08,C4,82,102,92,1.006,NA,NA,3.4,0.1,1,0,3.9,NA,4.5,100,NA,NA,NA,NA,6.6,7.3,0.04,NA,NA,NA,NA,NA,NA,NA,NA,NA,NA,NA,NA,NA,NA,NA,NA,NA,NA,1.5,0.2,8,2,0,0.01,0.02,130.7,0,0,0.01,0,1.4,0,0,0.9,NA,24,NA,5.9,2.8,0,88,5.8,6.2,NA,NA,4.7,1.1,2.8,12.9,23.5,29.7,NA,NA,NA,NA,NA,NA,NA,NA
SRER_026,2017-11-08,C1,0,8,4,1.005,NA,NA,2.5,0.2,0.5,0,4.3,NA,3.2,74,NA,0,NA,10.7,4.8,5.4,0.14,NA,NA,NA,NA,NA,NA,NA,NA,NA,NA,NA,NA,NA,NA,NA,NA,NA,NA,6.3,0.5,13,6,0,0.02,0.15,143.8,49.6,0,0.03,0,0.7,0,0,2.3,NA,40,NA,11.8,137.8,38,88.6,6.7,4.7,NA,NA,4.4,2.3,2.9,5.7,16.8,34.3,NA,NA,NA,NA,NA,NA,NA,NA
SRER_026,2017-11-08,C3,41,82,61.5,1.006,NA,NA,3.8,0.2,1,0,4.3,NA,5,100,NA,NA,NA,NA,6.8,7.5,0.06,NA,NA,NA,NA,NA,NA,NA,NA,NA,NA,NA,NA,NA,NA,NA,NA,NA,NA,2.3,0.3,8,2,0,0.02,0.03,185.3,0,0.01,0.02,0,0.9,0,0,0.6,NA,19.5,NA,4.9,9.2,0,87.8,6.4,5.8,NA,NA,5.2,1.2,1.9,6.1,15.4,29.3,NA,NA,NA,NA,NA,NA,NA,NA
SRER_026,2017-11-08,C2,8,41,24.5,1.006,NA,NA,3.8,0.3,1.1,0,5,NA,5.2,100,NA,NA,NA,NA,6.5,7.3,0.05,NA,NA,NA,NA,NA,NA,NA,NA,NA,NA,NA,NA,NA,NA,NA,NA,NA,NA,3.4,0.4,9,3,0,0.01,0.02,189.9,57,0,0.02,0,0.9,0,0,1.3,NA,24.6,NA,8.2,7.7,0,85.7,7.6,6.7,NA,NA,5.1,2.5,3.4,8.8,19.5,31.9,NA,NA,NA,NA,NA,NA,NA,NA
SRER_023,2017-11-09,C,0,8,4,1.003,NA,NA,1.1,0.2,0.3,0,2.2,6,1.6,73,1.7,0.1,NA,11.6,4.8,5.3,0.11,NA,NA,NA,NA,NA,NA,NA,NA,NA,NA,NA,NA,NA,NA,NA,NA,NA,NA,1.9,0.4,5,2,0,0.01,0.01,51.3,0,0,0.01,0,0.5,0,0,1.9,NA,42.1,NA,12,102.8,38.1,91.1,5.7,3.2,NA,NA,3.1,2.6,4.8,11.6,18.4,33,NA,NA,NA,NA,NA,NA,NA,NA
SRER_023,2017-11-09,Bw1,8,46,27,1.006,NA,NA,3.3,0.2,1.1,0,4.4,NA,4.6,100,NA,NA,NA,NA,5.4,6.4,0.03,NA,NA,NA,NA,NA,NA,NA,NA,NA,NA,NA,NA,NA,NA,NA,NA,NA,NA,1.9,0.4,5,2,0,0.02,0.03,182.8,12.1,0,0.02,0,0.8,0,0,1.7,NA,30,NA,11.3,12.1,0,81.3,10.3,8.4,NA,NA,5.2,5.1,6.4,11.5,20.9,24.1,NA,NA,NA,NA,NA,NA,NA,NA
SRER_023,2017-11-09,Bw3,86,102,94,1.009,NA,NA,3.5,0.1,1.1,0,3.9,NA,4.7,100,NA,NA,NA,NA,6.5,7.4,0.04,NA,NA,NA,NA,NA,NA,NA,NA,NA,NA,NA,NA,NA,NA,NA,NA,NA,NA,1.2,0.1,12,1,0,0.02,0.07,154.9,28.3,0.01,0.02,0,0.8,0,0,1.1,NA,28.9,NA,7.2,5.6,0,85.2,7.4,7.4,NA,NA,5.1,2.3,2.9,8.8,14.4,27.1,NA,NA,NA,NA,NA,NA,NA,NA
SRER_023,2017-11-09,Bw2,46,86,66,1.008,NA,NA,4.2,0.1,1.3,0,5,NA,5.6,100,NA,NA,NA,NA,6,6.9,0.04,NA,NA,NA,NA,NA,NA,NA,NA,NA,NA,NA,NA,NA,NA,NA,NA,NA,NA,1.7,0.3,6,2,0,0.02,0.02,181.8,0,0.01,0.01,0,0.8,0,0.1,1.7,NA,26,NA,8,5.2,0,85.9,7,7.1,NA,NA,4.6,2.4,2.5,5.5,12.4,26.1,NA,NA,NA,NA,NA,NA,NA,NA
SRER_018,2017-11-20,C,0,10,5,1.005,NA,NA,3,0.3,0.4,0,3.2,NA,3.7,100,NA,NA,NA,NA,6.5,7.1,0.09,NA,NA,NA,NA,NA,NA,NA,NA,NA,NA,NA,NA,NA,NA,NA,NA,NA,NA,3.3,0.5,7,3,0,0.01,0.02,118.5,52.2,0,0.01,0,0.5,0,0,1,NA,52.5,NA,8.4,4.5,0,85.2,10.2,4.6,NA,NA,3.9,6.3,11.4,22.9,17.2,18.8,NA,NA,NA,NA,NA,NA,NA,NA
SRER_018,2017-11-20,2C3,77,100,88.5,1.04,NA,0,32.5,0.5,1.5,0.3,22.7,NA,34.8,100,NA,NA,NA,NA,7.7,8.1,0.22,NA,NA,NA,NA,NA,NA,NA,NA,NA,NA,NA,NA,NA,NA,NA,NA,NA,NA,4.9,0.4,10,4,0,0.06,0.05,755,362.5,0.04,0.04,0.1,1.3,0.1,0.2,1.3,NA,36.2,NA,8,2.4,0,23.9,46,30.1,NA,NA,34.6,11.4,6.3,5.4,3.6,4.2,NA,NA,NA,NA,NA,NA,NA,NA
SRER_018,2017-11-20,2C1,10,33,21.5,1.014,NA,0,15.8,0.3,0.9,0,8.9,NA,17,100,NA,NA,NA,NA,7.7,8.4,0.12,NA,NA,NA,NA,NA,NA,NA,NA,NA,NA,NA,NA,NA,NA,NA,NA,NA,NA,4.1,0.4,9,4,0,0.03,0.03,346.2,183.8,0.01,0.02,0.1,1,0,0.1,0,NA,57.2,NA,6.1,1.8,0,51.6,38.3,10.1,NA,NA,18.5,19.8,19.7,14.9,10.1,5.1,NA,NA,NA,NA,NA,NA,NA,NA
SRER_018,2017-11-20,2C2,33,77,55,1.026,NA,10,31,0.5,1.9,0,16.9,NA,33.4,100,NA,NA,NA,NA,7.8,8.4,0.13,NA,NA,NA,NA,NA,NA,NA,NA,NA,NA,NA,NA,NA,NA,NA,NA,NA,NA,6.9,0.7,9,6,0,0.05,0.03,640,271.2,0.02,0.05,0.1,1.2,0.1,0.1,0.1,NA,43.1,NA,4.8,1.8,0,27,55.1,17.9,NA,NA,37.9,17.2,9.6,6.4,4.8,3.3,NA,NA,NA,NA,NA,NA,NA,NA
SRER_004,2017-12-04,Bt2,8,38,23,1.035,NA,0,18.9,0.6,2.5,0,17.9,NA,22,100,NA,NA,NA,NA,7.3,7.8,0.18,NA,NA,NA,NA,NA,NA,NA,NA,NA,NA,NA,NA,NA,NA,NA,NA,NA,NA,7.9,1.1,7,8,0,0.09,0.04,169.2,0,0.04,0.02,0,0.6,0,0.1,1.7,NA,3.5,NA,1.6,1.7,0,49.6,14.1,36.3,NA,NA,9.9,4.2,8,9.5,10.1,10.2,NA,NA,NA,NA,NA,NA,NA,NA
SRER_004,2017-12-04,Bkkm,38,100,69,1.009,NA,500,39,0.1,1,0,4.7,NA,40.1,100,NA,NA,NA,NA,7.8,8.5,0.14,NA,NA,NA,NA,NA,NA,NA,NA,NA,NA,NA,NA,NA,NA,NA,NA,NA,NA,62.3,0.6,4,3,0,0.02,0.01,29.3,0,0.01,0.01,0,0.5,0,0,NA,NA,1.5,NA,0.8,189.2,169.9,76,13.3,10.7,5.1,NA,11.2,2.1,3.5,5.4,8.9,17.9,NA,NA,NA,NA,NA,NA,NA,NA
SRER_004,2017-12-04,Bt1,3,8,5.5,1.021,NA,0,14,0.9,2.2,0,13.4,NA,17.1,100,NA,NA,NA,NA,7.5,8,0.2,NA,NA,NA,NA,NA,NA,NA,NA,NA,NA,NA,NA,NA,NA,NA,NA,NA,NA,7.4,1,7,7,0,0.06,0.04,148.8,7.1,0.03,0.02,0,0.6,0,0.1,0.6,NA,21.6,NA,9.5,1.6,0,59.3,16.7,24,NA,NA,8.8,7.9,14.9,10.6,12.2,12.5,NA,NA,NA,NA,NA,NA,NA,NA
SRER_004,2017-12-04,A,0,3,1.5,1.017,NA,0,14.1,0.8,2.1,0,10.8,NA,17,100,NA,NA,NA,NA,7.4,8,0.17,NA,NA,NA,NA,NA,NA,NA,NA,NA,NA,NA,NA,NA,NA,NA,NA,NA,NA,8.3,1,8,8,0.1,0.06,0.04,187.1,42.9,0.03,0.02,0.1,1.3,0,0.1,0.6,NA,38.8,NA,17.3,4.1,0,64.5,17.1,18.4,NA,NA,8.4,8.7,11.3,16.7,12.6,14.6,NA,NA,NA,NA,NA,NA,NA,NA
SRER_014,2017-12-05,Bw1,3,30,16.5,1.006,NA,NA,2.4,0.1,0.7,0,3.1,NA,3.2,100,NA,NA,NA,NA,5.4,6.4,0.03,NA,NA,NA,NA,NA,NA,NA,NA,NA,NA,NA,NA,NA,NA,NA,NA,NA,NA,2.3,0.4,6,2,0,0.02,0.03,170.9,47.2,0,0.01,0,0.7,0,0,1.1,NA,18.7,NA,9.2,2.5,0,79.6,13.3,7.1,NA,NA,5.5,7.8,10.2,13.9,17.9,21.7,NA,NA,NA,NA,NA,NA,NA,NA
SRER_014,2017-12-05,A,0,3,1.5,1.005,NA,NA,2.2,0.3,0.7,0,3.1,NA,3.2,100,NA,NA,NA,NA,6,6.7,0.07,NA,NA,NA,NA,NA,NA,NA,NA,NA,NA,NA,NA,NA,NA,NA,NA,NA,NA,4.2,0.6,7,4,0,0.02,0.05,149.2,51.4,0,0.01,0,0.7,0,0,1,NA,39.4,NA,15,3.1,0,81.4,13.9,4.7,NA,NA,5.6,8.3,10.9,16.5,21.8,23.1,NA,NA,NA,NA,NA,NA,NA,NA
SRER_014,2017-12-05,Bw2,30,76,53,1.009,NA,NA,4.6,0.1,1.4,0,5.1,NA,6.1,100,NA,NA,NA,NA,6.2,7.1,0.04,NA,NA,NA,NA,NA,NA,NA,NA,NA,NA,NA,NA,NA,NA,NA,NA,NA,NA,1.2,0.3,4,1,0,0.02,0.05,187,62,0.01,0.01,0,0.7,0,0.1,1,NA,11.5,NA,2.6,3.5,0,77.2,12.9,9.9,NA,NA,6.1,6.8,8.3,12.4,19.3,25,NA,NA,NA,NA,NA,NA,NA,NA
SRER_014,2017-12-05,2C,76,102,89,1.007,NA,NA,3.3,0.1,0.9,0,3.5,NA,4.3,100,NA,NA,NA,NA,6.7,7.6,0.04,NA,NA,NA,NA,NA,NA,NA,NA,NA,NA,NA,NA,NA,NA,NA,NA,NA,NA,0.7,0.2,4,1,0,0.02,0.17,163,29,0.01,0.02,0,0.7,0,0,0.7,NA,31.7,NA,2.9,4.6,0,86.3,7.2,6.5,NA,NA,4.1,3.1,3.8,9.2,19,27.3,NA,NA,NA,NA,NA,NA,NA,NA
SRER_007,2017-12-06,A1,0,3,1.5,1.005,NA,NA,2.8,0.3,0.7,0,3.6,NA,3.8,100,NA,NA,NA,NA,6.3,6.9,0.1,NA,NA,NA,NA,NA,NA,NA,NA,NA,NA,NA,NA,NA,NA,NA,NA,NA,NA,4.5,0.8,6,5,0,0.02,0.1,134.5,55.8,0.01,0.02,0,0.6,0,0,2,NA,48.1,NA,17.3,1.2,0,78.4,17,4.6,NA,NA,7.3,9.7,8.8,17.4,22.4,22.7,NA,NA,NA,NA,NA,NA,NA,NA
SRER_007,2017-12-06,A2,3,33,18,1.005,NA,NA,2.7,0.3,0.8,0,3.4,NA,3.8,100,NA,NA,NA,NA,6.1,7,0.04,NA,NA,NA,NA,NA,NA,NA,NA,NA,NA,NA,NA,NA,NA,NA,NA,NA,NA,1.9,0.5,4,2,0,0.02,0.03,172.8,50.2,0.01,0.01,0,0.6,0,0,0.8,NA,38.5,NA,15.9,2.3,0,79.8,13.2,7,NA,NA,5,8.2,8.8,13.1,21.6,24.5,NA,NA,NA,NA,NA,NA,NA,NA
SRER_007,2017-12-06,Bw,33,69,51,1.007,NA,NA,4.3,0.2,1.1,0,4.7,NA,5.6,100,NA,NA,NA,NA,6.6,7.5,0.04,NA,NA,NA,NA,NA,NA,NA,NA,NA,NA,NA,NA,NA,NA,NA,NA,NA,NA,0,0,NA,0,0,0.02,0.01,149.4,19.1,0.01,0.01,0,0.6,0,0,0.6,NA,15.5,NA,2.6,7.5,0,80.2,11.6,8.2,NA,NA,6.2,5.4,7.1,13.1,18.3,22.8,NA,NA,NA,NA,NA,NA,NA,NA
SRER_007,2017-12-06,C,69,102,85.5,1.007,NA,NA,4.1,0.2,1.1,0,4.5,NA,5.4,100,NA,NA,NA,NA,6.6,7.6,0.04,NA,NA,NA,NA,NA,NA,NA,NA,NA,NA,NA,NA,NA,NA,NA,NA,NA,NA,2.2,1,2,2,0,0.01,0.14,116.4,0,0.01,0.02,0,0.7,0,0.1,1.7,NA,14.4,NA,2.1,3.4,0,82.3,9.7,8,NA,NA,5.7,4,6.6,16.5,20.4,20.4,NA,NA,NA,NA,NA,NA,NA,NA
SRER_024,2017-12-07,Bt1,5,20,12.5,1.008,NA,NA,3,0.3,1.3,0,4.7,NA,4.6,98,NA,NA,NA,NA,5.8,6.7,0.05,NA,NA,NA,NA,NA,NA,NA,NA,NA,NA,NA,NA,NA,NA,NA,NA,NA,NA,3.4,0.5,7,3,0,0.03,0.05,234.4,0,0.01,0.02,0.1,1.2,0,0,2.5,NA,10.2,NA,3.4,2.2,0,76.8,13.1,10.1,NA,NA,7.5,5.6,8.1,14.9,21.8,19.4,NA,NA,NA,NA,NA,NA,NA,NA
SRER_024,2017-12-07,Bt2,20,36,28,1.012,NA,NA,4.6,0.2,2.6,0,6.3,NA,7.4,100,NA,NA,NA,NA,6.1,7.1,0.03,NA,NA,NA,NA,NA,NA,NA,NA,NA,NA,NA,NA,NA,NA,NA,NA,NA,NA,2.4,0.4,6,2,0,0.04,0.05,291.7,26.2,0.01,0.02,0.1,1.1,0,0.1,2.8,NA,4.9,NA,1.9,3,0,74.4,13.2,12.4,NA,NA,7.8,5.4,4.9,10.5,17.7,22.2,NA,NA,NA,NA,NA,NA,NA,NA
SRER_024,2017-12-07,2Bt,36,102,69,1.02,NA,0,6.8,0.3,4.4,0.1,9.9,NA,11.6,100,NA,NA,NA,NA,7,7.7,0.12,NA,NA,NA,NA,NA,NA,NA,NA,NA,NA,NA,NA,NA,NA,NA,NA,NA,NA,1.1,0.3,4,1,0,0.04,0.09,422.4,16.2,0.02,0.03,0.1,1.2,0.1,0.1,2.3,NA,27.3,NA,3.5,6.9,0,60.4,19.9,19.7,NA,NA,11.1,8.8,7.8,11.4,13.9,16.6,NA,NA,NA,NA,NA,NA,NA,NA
SRER_024,2017-12-07,A,0,5,2.5,1.007,NA,NA,2.8,0.3,0.9,0,4.2,NA,4,95,NA,NA,NA,NA,6,6.7,0.08,NA,NA,NA,NA,NA,NA,NA,NA,NA,NA,NA,NA,NA,NA,NA,NA,NA,NA,6.2,0.8,8,6,0,0.03,0.04,168,75.9,0,0.02,0,1.2,0,0,2.2,NA,27.6,NA,8.4,2.7,0,81.1,11.7,7.2,NA,NA,5.3,6.4,9.2,16.6,21.9,22.3,NA,NA,NA,NA,NA,NA,NA,NA
SRER_013,2017-12-08,C3,52,83,67.5,1.007,NA,0,5.1,0.1,1.2,0,4.1,NA,6.4,100,NA,NA,NA,NA,7.2,7.7,0.18,NA,NA,NA,NA,NA,NA,NA,NA,NA,NA,NA,NA,NA,NA,NA,NA,NA,NA,1.2,0.4,3,1,0,0.01,0.02,171.1,59,0.01,0.01,0,0.8,0,0.1,0.7,NA,20.5,NA,4,0.9,0,83.6,9.7,6.7,NA,NA,6.8,2.9,6,13.8,23.4,26,NA,NA,NA,NA,NA,NA,NA,NA
SRER_013,2017-12-08,C1,0,5,2.5,1.005,NA,NA,3.2,0.4,0.8,0,4.2,NA,4.4,100,NA,NA,NA,NA,6.2,6.8,0.1,NA,NA,NA,NA,NA,NA,NA,NA,NA,NA,NA,NA,NA,NA,NA,NA,NA,NA,4.9,0.8,6,5,0,0.02,0.03,176.3,87.7,0,0.01,0,0.7,0,0,1.2,NA,57.2,NA,18.8,5.3,0,80.7,13.6,5.7,NA,NA,6.8,6.8,9.4,13.6,17,22.4,NA,NA,NA,NA,NA,NA,NA,NA
SRER_013,2017-12-08,C2,5,52,28.5,1.009,NA,0,6.1,0.1,1.5,0,5.4,NA,7.7,100,NA,NA,NA,NA,7.5,8.1,0.09,NA,NA,NA,NA,NA,NA,NA,NA,NA,NA,NA,NA,NA,NA,NA,NA,NA,NA,2.7,0.5,6,3,0,0.02,0.03,251.7,20.1,0.01,0.01,0,0.8,0,0.1,0.7,NA,25.5,NA,5.3,6.2,0,79.5,12.1,8.4,NA,NA,8.4,3.7,4.9,9.5,19.8,27.1,NA,NA,NA,NA,NA,NA,NA,NA
SRER_013,2017-12-08,C4,83,100,91.5,1.007,NA,0,4.6,0.1,1.1,0,3.5,NA,5.8,100,NA,NA,NA,NA,7.2,7.8,0.1,NA,NA,NA,NA,NA,NA,NA,NA,NA,NA,NA,NA,NA,NA,NA,NA,NA,NA,0.9,0.3,4,1,0,0.01,0.01,145.9,17.1,0,0.01,0,0.7,0,0.1,0.3,NA,20.4,NA,3.2,1.8,0,84.7,9.1,6.2,NA,NA,5.8,3.3,5,11.4,22.1,27.1,NA,NA,NA,NA,NA,NA,NA,NA
SRER_008,2018-01-18,BA,5,20,12.5,1.011,NA,NA,6.5,0.3,1.1,0,7.8,NA,7.9,100,NA,NA,NA,NA,6.3,7.1,0.07,NA,NA,NA,NA,NA,NA,NA,NA,NA,NA,NA,NA,NA,NA,NA,NA,NA,NA,5.3,0.5,10,5,0.1,0.04,0.04,179.9,0,0.01,0.02,0,1,0,0,2,NA,6.3,NA,2.4,194.7,202.4,70.2,16.3,13.5,NA,NA,7,9.3,13.9,21.1,11.7,13.7,NA,NA,NA,NA,NA,NA,NA,NA
SRER_008,2018-01-18,Bt1,20,45,32.5,1.029,NA,NA,10.6,0.3,1.8,0,12.7,NA,12.7,100,NA,NA,NA,NA,6.6,7.4,0.06,NA,NA,NA,NA,NA,NA,NA,NA,NA,NA,NA,NA,NA,NA,NA,NA,NA,NA,7.4,0.9,8,7,0.1,0.08,0.05,235.2,0,0.02,0.02,0.1,1.4,0,0,3.5,NA,2.9,NA,1.1,246.1,272.1,54.4,13.3,32.3,NA,NA,6.9,6.4,7,9.1,9.3,13,NA,NA,NA,NA,NA,NA,NA,NA
SRER_008,2018-01-18,Bt2,45,102,73.5,1.024,NA,0,11.1,0.3,2.1,0,13.4,NA,13.5,100,NA,NA,NA,NA,7,7.8,0.06,NA,NA,NA,NA,NA,NA,NA,NA,NA,NA,NA,NA,NA,NA,NA,NA,NA,NA,4.9,0.7,7,5,0.1,0.08,0.07,331.7,21.6,0.03,0.02,0.1,1.3,0,0,3,NA,9.8,NA,17.2,300.4,202.8,63.1,10.2,26.7,NA,NA,5.5,4.7,4.2,7.7,10.2,19.9,NA,NA,NA,NA,NA,NA,NA,NA
SRER_008,2018-01-18,A,0,5,2.5,1.01,NA,NA,4.9,0.5,0.9,0,6.6,NA,6.3,95,NA,NA,NA,NA,6.3,6.8,0.11,NA,NA,NA,NA,NA,NA,NA,NA,NA,NA,NA,NA,NA,NA,NA,NA,NA,NA,9.2,0.9,10,9,0,0.03,0.03,130.7,9.1,0.01,0.02,0,1,0,0,2.4,NA,30.5,NA,10.7,3,0,76.5,14.4,9.1,NA,NA,5,9.4,14.1,20.7,18.1,14.1,NA,NA,NA,NA,NA,NA,NA,NA
SRER_003,2018-01-30,Bw,8,46,27,1.007,NA,NA,3.2,0.2,0.9,0,4.1,NA,4.3,100,NA,NA,NA,NA,6.7,7.5,0.03,NA,NA,NA,NA,NA,NA,NA,NA,NA,NA,NA,NA,NA,NA,NA,NA,NA,NA,1.6,0.3,5,2,0,0.02,0.03,209.6,23.3,0.01,0.01,0,0.7,0,0,1.4,NA,22.1,NA,7,4.9,0,76.9,13.5,9.6,NA,NA,6.3,7.2,11.4,18.6,20.5,18.8,NA,NA,NA,NA,NA,NA,NA,NA
SRER_003,2018-01-30,2Bt,84,102,93,1.011,NA,NA,5.4,0.2,1.3,0,5.7,NA,6.9,100,NA,NA,NA,NA,6.7,7.5,0.05,NA,NA,NA,NA,NA,NA,NA,NA,NA,NA,NA,NA,NA,NA,NA,NA,NA,NA,0.9,0.3,3,1,0,0.02,0.13,228.8,0,0.01,0.02,0,0.7,0,0,1,NA,30.3,NA,3.4,1.2,0,70.6,17.9,11.5,NA,NA,8.4,9.5,10.1,20.3,12.6,17.7,NA,NA,NA,NA,NA,NA,NA,NA
SRER_003,2018-01-30,A,0,8,4,1.005,NA,NA,3.4,0.3,0.8,0,3.6,NA,4.5,100,NA,NA,NA,NA,6.9,7.6,0.09,NA,NA,NA,NA,NA,NA,NA,NA,NA,NA,NA,NA,NA,NA,NA,NA,NA,NA,3,0.4,8,3,0,0.02,0.24,172.7,32.3,0.01,0.03,0,0.7,0,0,1.2,NA,44.5,NA,15.7,0.7,0,78.8,14.5,6.7,NA,NA,5.9,8.6,13.2,19.2,24.1,16.7,NA,NA,NA,NA,NA,NA,NA,NA
SRER_003,2018-01-30,Bt,46,84,65,1.011,NA,NA,5.1,0.2,1.3,0,6,NA,6.6,100,NA,NA,NA,NA,6.7,7.3,0.07,NA,NA,NA,NA,NA,NA,NA,NA,NA,NA,NA,NA,NA,NA,NA,NA,NA,NA,1.2,0.4,3,1,0,0.02,0.13,203.9,38.2,0.01,0.02,0,0.6,0,0,1.4,NA,19.6,NA,4.7,8,0,71.7,16.4,11.9,NA,NA,8.3,8.1,9.4,14.7,16.8,16.7,NA,NA,NA,NA,NA,NA,NA,NA
SRER_016,2018-02-01,2Ck,74,102,88,1.007,NA,40,39.5,0.2,0.9,0,3.9,NA,40.6,100,NA,NA,NA,NA,7.9,8.5,0.13,NA,NA,NA,NA,NA,NA,NA,NA,NA,NA,NA,NA,NA,NA,NA,NA,NA,NA,5.9,0,NA,1,0.1,0.01,0.01,144.3,36.3,0,0.01,0,0.7,0,0,NA,NA,0.4,NA,10.6,10.6,0,87.7,6.6,5.7,NA,NA,3,3.6,6.6,23.6,24,22.4,NA,NA,NA,NA,NA,NA,NA,NA
SRER_016,2018-02-01,Bw,8,25,16.5,1.011,NA,0,12.9,0.3,0.8,0,7.8,NA,14,100,NA,NA,NA,NA,7.3,7.9,0.14,NA,NA,NA,NA,NA,NA,NA,NA,NA,NA,NA,NA,NA,NA,NA,NA,NA,NA,6.1,0.4,15,6,0.1,0.04,0.03,200.4,28.1,0.01,0.02,0,0.6,0,0,0.2,NA,9.4,NA,1.7,8.6,0,77.2,14.7,8.1,NA,NA,5.7,9,13.1,26,7.5,14.8,NA,NA,NA,NA,NA,NA,NA,NA
SRER_016,2018-02-01,Bkk,25,74,49.5,1.009,NA,80,43.1,0.1,0.8,0,4.4,NA,44,100,NA,NA,NA,NA,7.7,8.3,0.13,NA,NA,NA,NA,NA,NA,NA,NA,NA,NA,NA,NA,NA,NA,NA,NA,NA,NA,12.7,0.5,7,3,0.1,0.05,0.01,118.5,126.5,0.01,0.01,0,0.4,0,0,NA,NA,0.3,NA,1.2,12,0,81,11.4,7.6,0.9,NA,6.3,5.1,8.1,18.1,20.2,17.6,NA,NA,NA,NA,NA,NA,NA,NA
SRER_016,2018-02-01,A,0,8,4,1.009,NA,0,7.5,0.3,0.7,0,5.6,NA,8.5,100,NA,NA,NA,NA,7.2,7.6,0.18,NA,NA,NA,NA,NA,NA,NA,NA,NA,NA,NA,NA,NA,NA,NA,NA,NA,NA,5.2,0.6,9,5,0.1,0.04,0.09,166,35,0.01,0.02,0,0.6,0,0,1.1,NA,2.1,NA,9.6,7.5,0.9,76.6,16.7,6.7,NA,NA,6.5,10.2,16,17.1,16.7,13.8,NA,NA,NA,NA,NA,NA,NA,NA
ONAQ_011,2016-11-07,Ck,46,87,66.5,1.016,0,250,39.3,4.9,2.4,16.2,12.1,NA,62.8,100,NA,NA,NA,NA,9.7,10.2,3.39,NA,0,0,84.4,24,14.31,0,37,32.7,4.6,0,150.9,0,0,0,9.9,NA,21.5,30.1,0,NA,0,0.1,0.07,0.02,164.8,466.8,0.04,0.02,0,0.2,0,0.1,NA,NA,NA,NA,18.7,7.9,15,40.4,42.1,17.5,6.8,NA,20.1,22,30.3,8.1,1.4,0.5,66.5,46,87,1.28,1.31,NA,20.9,NA
ONAQ_015,2016-11-07,Ck1,68,89,78.5,1.018,0,200,42.4,0.5,6.4,12.5,11.7,NA,61.8,100,NA,NA,NA,NA,8.6,8.8,3.58,NA,0,5.1,124.7,0,14.91,0,41.3,3.1,0,8.6,147.8,0,3.7,0,8.3,NA,24.8,24.8,0,NA,0,0.1,0.05,0.03,181,270.9,0.03,0.01,0,0.4,0,0.1,NA,NA,NA,NA,2.5,13.7,24.5,44.4,38.4,17.2,5.2,NA,16.9,21.5,27.9,12.6,2.4,1,78.5,68,89,1.31,1.37,NA,17.9,NA
ONAQ_011,2016-11-07,C,87,100,93.5,1.015,0,260,37.9,4,2.3,15.6,10.7,NA,59.8,100,NA,NA,NA,NA,9.6,10.1,3.22,NA,0,0,83.4,12.1,12.87,0,38.9,22.4,3.2,0,135.9,0,1.3,0,9.7,NA,21.7,30.5,0,NA,0,0.1,0.06,0.02,148,380.5,0.04,0.01,0,0.2,0,0.1,NA,NA,NA,NA,17.5,14.9,31.5,43.8,39.4,16.8,5.7,NA,18.2,21.2,31,9.5,1.9,0.7,93.5,87,100,1.26,1.3,NA,15.3,NA
ONAQ_015,2016-11-07,Bk2,41,68,54.5,1.016,0,200,42.9,1.3,6,6.3,11,NA,56.5,100,NA,NA,NA,NA,8.2,8.6,1.83,NA,0,5,64,0,7.58,0,41.3,2.9,0.8,4.5,64.7,0.2,1.4,0,8.1,NA,3.7,24.9,0,NA,1,0,0.04,0.02,169.9,255.9,0.02,0.02,0,0.3,0,0.1,NA,NA,NA,NA,0.4,16,13.3,50.1,33.4,16.5,5.2,NA,16.4,17,34.1,12.5,2,1,54.5,41,68,1.34,1.4,NA,17.6,NA
ONAQ_015,2016-11-07,A,0,9,4.5,1.018,NA,150,47.9,2.4,3.5,0.2,13.4,NA,54,100,NA,NA,NA,NA,7.9,8.5,0.32,NA,0,6.6,0.8,0,0.91,0,34.5,7.9,1.1,1.5,1.5,0.1,0.1,0.1,8,NA,0.4,26.1,0.7,11,8,0,0.09,0.05,378.1,709.9,0.05,0.03,0.1,0.4,0.1,0.1,NA,NA,NA,NA,19.4,4.8,20.8,35.3,50,14.7,3.2,NA,24.7,25.3,24.7,8.3,1.4,0.5,4.5,0,9,1.27,1.32,NA,18.2,NA
ONAQ_015,2016-11-07,Ck2,89,100,94.5,1.017,0,250,44.1,0.5,6.8,14.9,11.1,NA,66.3,100,NA,NA,NA,NA,8.6,8.8,4.8,NA,0,7.7,176.3,0,20.91,0,38.3,2.2,0.5,15.6,204.5,0,3.9,0,8.3,NA,37.4,29.7,0,NA,0,0.4,0.04,0.03,175.9,256.7,0.03,0.01,0,0.4,0,0.1,NA,NA,NA,NA,3.4,28.2,337.6,45.2,35.8,19,6.3,NA,16.6,19.2,21.6,10.2,6.7,4.6,NA,NA,NA,NA,NA,NA,NA,NA
ONAQ_011,2016-11-07,Bk,24,46,35,1.017,0,280,38.3,6.7,4.3,13.6,13,NA,62.9,100,NA,NA,NA,NA,9.5,10,2.94,NA,0,0.2,64.6,7.4,10.4,0,43.8,20.9,7.1,0,106.2,0.5,0,0,9.6,NA,16.7,35.7,0,NA,2,0.1,0.06,0.02,114.5,443.9,0.04,0.01,0,0.2,0,0.1,NA,NA,NA,NA,10.4,6.7,3.9,34,48.9,17.1,7.8,NA,26,22.9,27,4.2,1.8,0.6,35,24,46,NA,NA,NA,NA,NA
ONAQ_015,2016-11-07,Bk1,9,41,25,1.018,NA,180,46.3,4.1,4.8,0.7,13.3,NA,55.9,100,NA,NA,NA,NA,7.9,8.7,0.3,NA,0,1.5,2.1,0,0.74,0,38.2,4.5,1.7,0.7,3.5,0,0,0,8.2,NA,0.3,23.5,0,NA,1,0,0.06,0.03,235.8,348.6,0.03,0.01,0,0.4,0,0.1,NA,NA,NA,NA,0.3,4.1,9.2,34.2,49.6,16.2,3.7,NA,23.1,26.5,26,7,0.7,0.3,25,9,41,1.23,1.27,NA,18.5,NA
ONAQ_011,2016-11-07,A2,8,24,16,1.017,0,160,42,4.7,4.4,2.4,12.5,NA,53.5,100,NA,NA,NA,NA,8.1,8.6,0.81,NA,0,3.7,21.4,0,3.12,0,40.6,5.5,4.3,1.9,20.4,0,0,0,8.1,NA,1.4,33,0.2,71,14,0,0.07,0.03,198.7,740,0.04,0.01,0,0.2,0,0.1,NA,NA,NA,NA,14.5,25.5,29.3,33.6,48.8,17.6,6.3,NA,23.9,24.9,23.1,6.7,1.8,1.1,16,8,24,1.23,1.27,NA,18.3,NA
ONAQ_011,2016-11-07,A1,0,8,4,1.015,0,240,45.7,4.1,4.5,1.7,12.3,NA,56,100,NA,NA,NA,NA,8,8.6,0.62,NA,0,3.3,5.3,0,1.8,0.1,51.9,11.2,3.3,1.2,12.5,0.1,0,0.3,8.3,NA,1.1,45.1,1.4,12,17,0.1,0.07,0.04,240.1,562.6,0.04,0.03,0,0.3,0,0.1,NA,NA,NA,NA,32.7,26,44.3,37.7,49.5,12.8,5,NA,20.7,28.8,24.9,8.2,2.1,1.2,4,0,8,1.35,1.4,NA,20.1,NA
ONAQ_008,2016-11-08,Ck,70,100,85,1.018,NA,340,43.6,1.1,5.2,0.1,11.4,NA,50,100,NA,NA,NA,NA,7.8,8.4,0.19,NA,NA,NA,NA,NA,NA,NA,NA,NA,NA,NA,NA,NA,NA,NA,NA,NA,NA,41.1,0.1,9,1,0,0.05,0.02,108.7,348.7,0.03,0.02,0,0.3,0,0.1,NA,NA,NA,NA,0,94.2,385.4,35.4,43,21.6,7.4,NA,23.7,19.3,21.9,3.9,2.8,3.4,85,70,100,1.31,1.38,NA,19.6,NA
ONAQ_024,2016-11-08,A,0,8,4,1.016,0,110,43.9,1.3,2.2,0.1,12.6,NA,47.5,100,NA,NA,NA,NA,7.7,8.3,0.55,NA,0,6.7,0.4,0,0.76,0,47.1,6.9,0.6,0.9,0.7,0.1,0.1,0.1,8,NA,0.3,26.2,1.1,11,13,0,0.08,0.03,372,495.4,0.04,0.05,0,0.4,0,0.1,NA,NA,NA,NA,19.6,6.2,12.7,51.8,38.1,10.1,1.8,NA,15.1,23,38.1,11,1.6,0.7,4,0,8,1.2,1.29,NA,14,NA
ONAQ_008,2016-11-08,ABk,18,41,29.5,1.019,NA,320,47.8,0.8,2.9,0.1,13,NA,51.6,100,NA,NA,NA,NA,7.6,8.3,0.23,NA,NA,NA,NA,NA,NA,NA,NA,NA,NA,NA,NA,NA,NA,NA,NA,NA,NA,43.8,0.3,16,5,0,0.06,0.03,147.2,409.8,0.03,0.03,0,0.3,0,0.1,NA,NA,NA,NA,0,107.8,281.4,34.3,42.4,23.3,7.8,NA,23.5,18.9,16.3,6.2,2.9,3.3,29.5,18,41,1.19,1.26,NA,24.6,NA
ONAQ_008,2016-11-08,A,0,18,9,1.022,NA,280,53.1,0.8,2.6,0.1,16.1,NA,56.6,100,NA,NA,NA,NA,7.6,8.2,0.26,NA,0,4.5,0.3,0,0.49,0,62.7,4.4,0.2,0.6,0.5,0.1,0,0,7.8,NA,0.1,45.1,0.8,13,11,0,0.08,0.04,186.9,485.2,0.05,0.08,0,0.3,0,0.1,NA,NA,NA,NA,3,102.6,300.5,34.2,41.4,24.4,6.5,NA,25.2,16.2,16.2,5.6,2.8,4,9,0,18,1.09,1.15,NA,28.8,NA
ONAQ_024,2016-11-08,Ck1,56,82,69,1.017,NA,220,42.3,0.8,5.5,2.7,12.8,NA,51.3,100,NA,NA,NA,NA,8.1,9.2,0.35,NA,0,0.6,0.3,0,0.67,0.1,47.3,6.4,0.1,0.2,7,0,0.1,0,8.7,NA,0.4,26.7,0,NA,1,0,0.04,0.02,179.3,311.4,0.03,0.01,0,0.4,0,0.1,NA,NA,NA,NA,0.1,12.7,12.4,38.7,45,16.3,5.4,NA,19.3,25.7,27.7,8.2,1.1,0.8,69,56,82,1.31,1.35,NA,19.7,NA
ONAQ_032,2016-11-08,Ak,0,28,14,1.028,0,290,54.5,2.3,4.7,0.7,24.6,NA,62.2,100,NA,NA,NA,NA,7.6,8,0.74,NA,0,15.4,5.2,0,2.16,0.1,60.5,10.4,1.7,3.5,5,4.6,0.1,0,7.6,NA,2,71.3,2.5,15,37,0.3,0.1,0.05,274.4,508.4,0.05,0.26,0.1,0.6,0,0.1,NA,NA,NA,NA,12.6,72.9,201.5,24.8,48.6,26.6,4.4,NA,28.8,19.8,10.7,4.5,3.2,3.8,14,0,28,1.04,1.14,NA,28,NA
ONAQ_008,2016-11-08,Bk,41,70,55.5,1.018,NA,350,46.2,0.9,3.6,0.1,12.2,NA,50.8,100,NA,NA,NA,NA,7.7,8.3,0.2,NA,NA,NA,NA,NA,NA,NA,NA,NA,NA,NA,NA,NA,NA,NA,NA,NA,NA,42.9,0.1,14,1,0,0.05,0.02,118.6,355.8,0.03,0.02,0,0.3,0,0.1,NA,NA,NA,NA,0,102.4,281.1,33.9,43.3,22.8,8.6,NA,22.8,20.5,17.6,5.4,2.5,3.8,55.5,41,70,1.39,1.47,NA,23.5,NA
ONAQ_024,2016-11-08,Ck2,82,100,91,1.017,0,190,42,0.4,6.1,9.3,13.1,NA,57.8,100,NA,NA,NA,NA,9,9.7,0.93,NA,0,0.3,11.8,0,2.5,0.3,35.8,10.3,0.1,0.2,25.9,0,0.3,0,9,NA,2,23.1,0,NA,0,0,0.06,0.03,210.8,308.5,0.03,0.02,0,0.4,0,0.1,NA,NA,NA,NA,3,15.5,15.2,39.4,44.4,16.2,4.3,NA,20.4,24,27.8,8.3,1.7,1,91,82,100,1.27,1.33,NA,27.7,NA
ONAQ_032,2016-11-08,Bkk,28,88,58,1.007,0,790,41.4,0.2,3.7,1.3,4.2,NA,46.6,100,NA,NA,NA,NA,7.8,8.1,1.12,NA,0,10.8,24.2,0,3.54,0,46.7,2.7,0.2,7.6,16.8,0,3.4,0,7.8,NA,3.7,94.8,0.7,1,1,0.2,0.01,0,10,184.1,0,0.05,0,0.4,0,0,NA,NA,NA,NA,0,2.8,5.8,37.5,40.5,22,13.7,NA,33.5,7,5.4,6.9,7.8,9.6,NA,NA,NA,NA,NA,NA,NA,NA
ONAQ_024,2016-11-08,Bk1,8,33,20.5,1.019,NA,190,46.2,2.1,3.9,0.1,12.8,NA,52.3,100,NA,NA,NA,NA,7.8,8.4,0.22,NA,NA,NA,NA,NA,NA,NA,NA,NA,NA,NA,NA,NA,NA,NA,NA,NA,NA,24.9,0.2,13,3,0,0.05,0.03,214.7,335.3,0.03,0.01,0,0.4,0,0.1,NA,NA,NA,NA,0.1,4.9,4.2,39.3,44.2,16.5,4,NA,20.9,23.3,29.4,7.7,1.5,0.4,20.5,8,33,1.24,1.28,NA,18.3,NA
ONAQ_024,2016-11-08,Bk2,33,56,44.5,1.017,NA,190,41.9,1.8,4.6,0.3,12.7,NA,48.6,100,NA,NA,NA,NA,7.9,8.6,0.2,NA,NA,NA,NA,NA,NA,NA,NA,NA,NA,NA,NA,NA,NA,NA,NA,NA,NA,23.7,0.1,13,1,0,0.04,0.02,164.8,248.1,0.02,0.01,0,0.4,0,0.1,NA,NA,NA,NA,0,1.5,1.5,36.9,50.2,12.9,4,NA,22.9,27.3,27.7,8,0.9,0.2,44.5,33,56,1.26,1.33,NA,16.4,NA
ONAQ_025,2016-11-09,Bk,62,100,81,1.025,NA,200,49.2,1.5,4.1,0.1,17.3,NA,54.9,100,NA,NA,NA,NA,7.7,8.3,0.23,NA,NA,NA,NA,NA,NA,NA,NA,NA,NA,NA,NA,NA,NA,NA,NA,NA,NA,29.9,0.8,7,6,0.1,0.1,0.05,292.8,442.7,0.05,0.03,0.1,0.6,0,0.1,NA,NA,NA,NA,0,21.2,16,24.3,49.9,25.8,6.1,NA,27.9,22,16.6,5,1.2,0.8,81,62,100,1.22,1.31,NA,27.9,NA
ONAQ_004,2016-11-09,Btk,29,56,42.5,1.021,0,190,50.3,0.7,6.8,18.6,14.8,NA,76.4,100,NA,NA,NA,NA,8.9,9,4.22,NA,0,3.3,98.4,0,12.35,0,57.1,3.7,0.3,2.8,123.7,0,0,0,8.5,NA,21,25,0.5,3,2,0.6,0.05,0.02,148.7,322.8,0.04,0.02,0,0.3,0,0.1,NA,NA,NA,NA,12.4,25.1,75.4,28.4,43.9,27.7,8.6,NA,23.5,20.4,19.2,6.6,1.1,0.8,42.5,29,56,1.24,1.43,NA,32.9,NA
ONAQ_029,2016-11-09,A,0,6,3,1.022,NA,230,55.5,0.9,2.5,0.1,16.4,NA,59,100,NA,NA,NA,NA,7.6,8,0.39,NA,0,10,0.4,0,1.17,0,35.2,4.9,0.2,1.3,0.7,3.6,2.3,0,7.5,NA,0.3,36.7,1.1,8,9,0.4,0.1,0.05,213.5,309.2,0.05,0.06,0.1,0.3,0,0.1,NA,NA,NA,NA,15.7,83.4,206.4,34.8,43.3,21.9,4.4,NA,23.1,20.2,19.1,6.1,2.9,3.3,3,0,6,1.3,1.34,NA,13.3,NA
ONAQ_018,2016-11-09,Ck1,57,83,70,1.024,0,520,52.7,0.6,8.5,9,9,NA,70.8,100,NA,NA,NA,NA,8.2,8.3,3.88,NA,0,10.4,89.6,0,10.34,0,66.8,2.2,0.6,11.4,83.3,0,0,0,8.1,NA,8.8,62.5,0.5,NA,0,0.9,0.02,0.01,46.4,164,0.04,0.01,0,0.1,0,0,NA,NA,NA,NA,0,34.8,82.5,28.8,40.9,30.3,17.8,NA,25.2,15.7,15.2,6.5,2.7,2,NA,NA,NA,NA,NA,NA,NA,NA
ONAQ_004,2016-11-09,A2,7,13,10,1.017,NA,100,40.8,1.4,3.8,1,13.4,NA,47,100,NA,NA,NA,NA,7.8,8.6,0.28,NA,0,3.1,0.5,0,0.84,0,33.6,6.4,0.3,0.8,5.2,1.5,0.1,0,8,NA,0.4,18.3,0.8,8,7,0.4,0.09,0.05,340.6,614.1,0.05,0.02,0.1,0.5,0,0.1,NA,NA,NA,NA,3.3,22.5,35.7,32.3,53.7,14,2.4,NA,26.7,27,23.9,6.2,1.1,0.7,10,7,13,1.35,1.43,NA,20.5,NA
ONAQ_018,2016-11-09,Ck2,83,100,91.5,1.023,0,270,48.6,1,9.7,12.3,13.2,NA,71.6,100,NA,NA,NA,NA,8.3,8.4,4.57,NA,0,13,126.7,0,15.38,0,50.8,1.8,0.6,19.6,131.7,0,0,0,8.1,NA,27.6,33.3,0.4,2,1,0.8,0.04,0.02,176.9,297.3,0.04,0.01,0,0.2,0,0.1,NA,NA,NA,NA,1,66.6,34.9,29.4,43.5,27.1,8.1,NA,25.6,17.9,18.3,6,2.5,1.4,91.5,83,100,1.24,1.33,NA,25.8,NA
ONAQ_018,2016-11-09,Bkk,23,57,40,1.023,0,670,50.7,0.5,4.5,2.1,5.9,NA,57.8,100,NA,NA,NA,NA,7.8,8.1,1.14,NA,0,5.7,21,0,2.82,0,68.3,2.8,0.5,2.7,17.7,0,2.7,0,7.9,NA,1.6,82.1,0.6,2,1,0.6,0.01,0.01,18.3,157.9,0.02,0.02,0,0,0,0,NA,NA,NA,NA,0,18.3,31.8,39.4,26.8,33.8,23.3,NA,17.8,9,12,9.5,6,7.2,40,23,57,1.05,1.08,NA,34.6,NA
ONAQ_025,2016-11-09,A1,0,14,7,1.026,0,80,46.9,1.2,3,0.1,22.5,NA,51.2,100,NA,NA,NA,NA,7.4,7.8,0.56,NA,0,14.5,0.7,0,1.69,0,54.9,5,0.4,2,0.8,5.1,5.5,0,7.8,NA,0.5,31.8,1.8,12,22,0.2,0.12,0.05,382.8,527.7,0.05,0.06,0.1,0.7,0,0.2,NA,NA,NA,NA,6.7,52.9,71.9,29.4,51.1,19.5,1.3,NA,23.5,27.6,21.3,4.8,1.2,1.1,7,0,14,1.07,1.16,NA,35,NA
ONAQ_025,2016-11-09,A2,14,47,30.5,1.025,NA,110,48.9,1.6,2.8,0.1,20.1,NA,53.4,100,NA,NA,NA,NA,7.6,8.1,0.31,NA,0,5.8,0.6,0,0.74,0,50.3,4.1,0.4,1,0.6,2.3,0.1,0.1,7.7,NA,0.2,24.6,1.1,11,12,0,0.1,0.04,339.3,520.1,0.05,0.04,0.1,0.7,0,0.1,NA,NA,NA,NA,0.3,43.9,60,28.9,46.9,24.2,2.4,NA,23.1,23.8,21.2,5.2,0.7,0.7,30.5,14,47,1.09,1.18,NA,25.1,NA
ONAQ_030,2016-11-09,A,0,14,7,1.022,NA,10,19.6,0.9,3.3,0.1,18,NA,23.9,100,NA,NA,NA,NA,7.4,7.9,0.33,NA,0,10.3,0.3,0,1.31,0,38.9,4.4,0.2,2.3,0.8,3.6,4.1,0,7.5,NA,0.5,12.5,1.1,10,11,0.2,0.13,0.07,580.8,383.4,0.06,0.05,0.1,0.5,0.1,0.2,1.4,NA,NA,NA,4.2,45.1,97.1,31.8,52.3,15.9,0,NA,25.6,26.7,24.1,5.4,0.3,0.7,NA,NA,NA,NA,NA,NA,NA,NA
ONAQ_004,2016-11-09,Bt,13,29,21,1.022,0,50,42.9,1.4,5.5,9.3,17.7,NA,59.1,100,NA,NA,NA,NA,8.3,8.8,1.28,NA,0,1.3,29.1,0,3.95,0.2,54.4,4.8,0.2,0.6,36.3,0,0,0,8.5,NA,2.2,10.2,0.5,7,4,0.3,0.08,0.04,242,345.9,0.03,0.01,0.1,0.6,0,0.2,NA,NA,NA,NA,0.8,61.3,52.8,30.9,43.2,25.9,2.4,NA,21.6,21.6,23.7,5.6,0.6,0.5,21,13,29,1.44,1.59,NA,22.7,NA
ONAQ_004,2016-11-09,Ck,56,100,78,1.013,0,520,47.9,0.2,5.2,13.8,7.1,NA,67.1,100,NA,NA,NA,NA,8.3,8.4,5.67,NA,0,10.1,127.4,0,19.83,0,43.5,1.6,0,12.8,150.5,0,0,0,8.1,NA,36.5,61.9,0.6,NA,0,1,0.02,0.01,40.6,209.9,0.01,0.02,0,0.2,0,0,NA,NA,NA,NA,16.3,115.5,316.6,48.2,33.4,18.4,1.2,NA,17,16.4,18.1,10.2,4.6,6.2,NA,NA,NA,NA,NA,NA,NA,NA
ONAQ_025,2016-11-09,ABk,47,62,54.5,1.025,NA,150,50.9,1.4,3,0.1,18.7,NA,55.4,100,NA,NA,NA,NA,7.6,8.2,0.24,NA,NA,NA,NA,NA,NA,NA,NA,NA,NA,NA,NA,NA,NA,NA,NA,NA,NA,26.4,0.9,10,9,0,0.1,0.05,382.5,543,0.05,0.03,0.1,0.6,0,0.1,NA,NA,NA,NA,0,38.9,46.4,27.4,46.7,25.9,4.4,NA,25.7,21,18.9,5.4,1.1,1.1,54.5,47,62,1.04,1.13,NA,27.4,NA
ONAQ_018,2016-11-09,A1,0,12,6,1.015,NA,280,49.2,1.3,2.5,0.2,11.2,NA,53.2,100,NA,NA,NA,NA,7.6,8.1,0.39,NA,0,6,0.5,0,0.7,0,40.6,6,0.5,1.1,0.7,0,0,0,7.8,NA,0.4,40.5,1.1,7,7,0.5,0.07,0.04,289.6,337.2,0.04,0.04,0,0.2,0,0,NA,NA,NA,NA,16.3,50.1,43.3,54.9,29.5,15.6,5,NA,15,14.5,26.6,11.9,5.3,4.9,6,0,12,1.09,1.15,NA,25.3,NA
ONAQ_018,2016-11-09,A2,12,23,17.5,1.02,NA,300,51.2,1.5,3.4,0.2,12.5,NA,56.3,100,NA,NA,NA,NA,7.7,8.2,0.28,NA,0,3.9,0.5,0,0.52,0,50.5,4.4,0.4,0.9,0.8,0,0,0,7.8,NA,0.3,42.8,1.3,6,7,0.4,0.06,0.03,229.2,317.6,0.03,0.02,0,0.2,0,0.1,NA,NA,NA,NA,2,26.4,42.7,47.4,31.9,20.7,6.7,NA,17.1,14.8,26.3,11.4,4.2,3.4,17.5,12,23,1.14,1.2,NA,24.9,NA
ONAQ_004,2016-11-09,A1,0,7,3.5,1.015,NA,100,36.4,1.4,3.2,0.6,11.9,NA,41.6,100,NA,NA,NA,NA,7.7,8.3,0.41,NA,0,9.2,3.2,0,1.47,0.1,36.2,9.9,0.7,2.5,5.3,0,0.1,0.1,7.8,NA,0.6,23.9,1.3,9,12,0.4,0.1,0.06,373,663.6,0.05,0.04,0.1,0.4,0,0.1,NA,NA,NA,NA,11.1,46.6,112.1,33.9,55.9,10.2,1.8,NA,24.4,31.5,25.7,5.6,1.1,0.9,3.5,0,7,1.28,1.36,NA,20.4,NA
ONAQ_029,2016-11-09,Bk,6,22,14,1.027,NA,270,61.7,1,3.2,0.1,19.9,NA,66,100,NA,NA,NA,NA,7.5,8,0.34,NA,0,6.4,0.5,0,0.69,0,60.5,6.3,0.2,0.9,0.6,0.1,0,0,7.6,NA,0.2,53.6,1.7,12,21,0.3,0.06,0.03,140.1,346.1,0.04,0.21,0,0.2,0,0.1,NA,NA,NA,NA,2.7,100.1,96.9,26,44.1,29.9,8.9,NA,23.1,21,14,5.4,2.1,2.3,14,6,22,0.99,1.07,NA,19.1,NA
ONAQ_012,2016-11-10,A1,0,17,8.5,1.023,0,120,52.8,0.9,2.1,0.1,20.1,NA,55.9,100,NA,NA,NA,NA,7.3,7.6,0.63,NA,0,23,0.4,0,2.31,0,45.8,6.9,0.3,2.3,1,5.6,9.5,0,7.3,NA,1.4,34.1,2.1,9,19,0.2,0.14,0.08,407.4,556.2,0.07,0.1,0.1,0.5,0,0.1,NA,NA,NA,NA,4.6,96.5,268,28.9,52.9,18.2,0,NA,30.7,22.2,16.3,4.6,1.8,2.2,NA,NA,NA,NA,NA,NA,NA,NA
ONAQ_012,2016-11-10,A2,17,42,29.5,1.029,NA,50,56.9,0.9,3,0.1,26.5,NA,60.9,100,NA,NA,NA,NA,7.4,7.9,0.33,NA,0,8.3,0.3,0,0.89,0,61.6,5.3,0.1,1,0.6,2.7,0.4,0,7.5,NA,0.3,28.9,2.5,9,22,0.3,0.15,0.07,345.5,592.8,0.08,0.1,0.1,0.6,0,0.2,NA,NA,NA,NA,1.8,113.5,136.8,24,46.9,29.1,0,NA,28.3,18.6,16.4,4.9,0.5,1.1,NA,NA,NA,NA,NA,NA,NA,NA
